words, bits, size, mux, frequencyx,y,volt,ac_core_rd,ac_peri_rd,ac_core_wr,ac_peri_wr,standby_core_chipdisable,standby_peri_chipdisable,standby_core_ret1,standby_peri_ret1,standby_core_selective_precharge,standby_peri_selective_precharge,deselect_core,deselect_peri,peak_core,peak_peri,inrush_core,inrush_peri,
1024, 16, 16384, 8, 1000,55.1600,105.5900,0.9000,0.136012,2.710692,0.119114,2.935938,1.615,3.530,1.664,2.329,1.630,2.437,0.015561,0.156487,3.454253,20.052034,0.902408,20.052034,
1024, 16, 16384, 8, 500,55.1600,105.5900,0.9000,0.068006,1.355346,0.059557,1.467969,1.615,3.530,1.664,2.329,1.630,2.437,7.780,0.078243,3.454253,20.052034,0.902408,20.052034,
1024, 16, 16384, 8, 200,55.1600,105.5900,0.9000,0.027202,0.542138,0.023823,0.587188,1.615,3.530,1.664,2.329,1.630,2.437,3.112,0.031297,3.454253,20.052034,0.902408,20.052034,
2048, 8, 16384, 8, 1000,90.4200,68.4700,0.9000,0.128706,1.952421,0.123517,2.081707,1.760,2.977,1.808,1.965,1.775,2.019,0.014573,0.161932,3.407291,12.163994,0.90277,12.163994,
2048, 8, 16384, 8, 500,90.4200,68.4700,0.9000,0.064353,0.97621,0.061759,1.040853,1.760,2.977,1.808,1.965,1.775,2.019,7.286,0.080966,3.407291,12.163994,0.90277,12.163994,
2048, 8, 16384, 8, 200,90.4200,68.4700,0.9000,0.025741,0.390484,0.024703,0.416341,1.760,2.977,1.808,1.965,1.775,2.019,2.915,0.032386,3.407291,12.163994,0.90277,12.163994,
2048, 8, 16384, 16, 1000,55.1600,105.5900,0.9000,0.118721,2.650606,0.109056,2.70941,1.615,3.434,1.664,2.247,1.630,2.341,0.014403,0.144453,3.437357,19.947662,0.90256,19.947662,
2048, 8, 16384, 16, 500,55.1600,105.5900,0.9000,0.059361,1.325303,0.054528,1.354705,1.615,3.434,1.664,2.247,1.630,2.341,7.202,0.072227,3.437357,19.947662,0.90256,19.947662,
2048, 8, 16384, 16, 200,55.1600,105.5900,0.9000,0.023744,0.530121,0.021811,0.541882,1.615,3.434,1.664,2.247,1.630,2.341,2.881,0.028891,3.437357,19.947662,0.90256,19.947662,
4096, 4, 16384, 8, 1000,161.9800,49.9100,0.9000,0.11333,1.49969,0.111825,1.528249,2.051,2.727,2.099,1.790,2.066,1.838,0.017187,0.252118,4.031029,6.921338,0.903245,6.921338,
4096, 4, 16384, 8, 500,161.9800,49.9100,0.9000,0.056665,0.749845,0.055912,0.764125,2.051,2.727,2.099,1.790,2.066,1.838,8.593,0.126059,4.031029,6.921338,0.903245,6.921338,
4096, 4, 16384, 8, 200,161.9800,49.9100,0.9000,0.022666,0.299938,0.022365,0.30565,2.051,2.727,2.099,1.790,2.066,1.838,3.437,0.050424,4.031029,6.921338,0.903245,6.921338,
4096, 4, 16384, 16, 1000,90.4200,68.4700,0.9000,0.121453,1.944286,0.116421,1.967822,1.760,2.929,1.808,1.924,1.775,1.972,0.016048,0.174487,3.30188,12.65171,0.903177,12.65171,
4096, 4, 16384, 16, 500,90.4200,68.4700,0.9000,0.060727,0.972143,0.058211,0.983911,1.760,2.929,1.808,1.924,1.775,1.972,8.024,0.087244,3.30188,12.65171,0.903177,12.65171,
4096, 4, 16384, 16, 200,90.4200,68.4700,0.9000,0.024291,0.388857,0.023284,0.393564,1.760,2.929,1.808,1.924,1.775,1.972,3.210,0.034897,3.30188,12.65171,0.903177,12.65171,
4096, 4, 16384, 32, 1000,55.1600,105.5900,0.9000,0.112591,2.636826,0.108167,2.64349,1.615,3.363,1.664,2.199,1.630,2.270,0.016048,0.156075,3.429144,19.97424,0.90273,19.97424,
4096, 4, 16384, 32, 500,55.1600,105.5900,0.9000,0.056296,1.318413,0.054084,1.321745,1.615,3.363,1.664,2.199,1.630,2.270,8.024,0.078037,3.429144,19.97424,0.90273,19.97424,
4096, 4, 16384, 32, 200,55.1600,105.5900,0.9000,0.022518,0.527365,0.021633,0.528698,1.615,3.363,1.664,2.199,1.630,2.270,3.210,0.031215,3.429144,19.97424,0.90273,19.97424,
1024, 32, 32768, 8, 1000,55.1600,179.8300,0.9000,0.209789,4.632975,0.174167,5.180725,3.058,5.523,3.149,3.639,3.091,3.377,0.017588,0.157669,3.43574,34.44664,0.902866,30.63357,
1024, 32, 32768, 8, 500,55.1600,179.8300,0.9000,0.104895,2.316487,0.087084,2.590362,3.058,5.523,3.149,3.639,3.091,3.377,8.794,0.078834,3.43574,34.44664,0.902866,30.63357,
1024, 32, 32768, 8, 200,55.1600,179.8300,0.9000,0.041958,0.926595,0.034833,1.036145,3.058,5.523,3.149,3.639,3.091,3.377,3.518,0.031534,3.43574,34.44664,0.902866,30.63357,
2048, 16, 32768, 8, 1000,90.4200,105.5900,0.9000,0.167511,3.043577,0.156307,3.375898,3.203,4.398,3.293,2.906,3.236,2.524,0.015638,0.162912,3.557974,20.052034,0.902408,20.052034,
2048, 16, 32768, 8, 500,90.4200,105.5900,0.9000,0.083756,1.521789,0.078153,1.687949,3.203,4.398,3.293,2.906,3.236,2.524,7.819,0.081456,3.557974,20.052034,0.902408,20.052034,
2048, 16, 32768, 8, 200,90.4200,105.5900,0.9000,0.033502,0.608715,0.031261,0.67518,3.203,4.398,3.293,2.906,3.236,2.524,3.128,0.032582,3.557974,20.052034,0.902408,20.052034,
2048, 16, 32768, 16, 1000,55.1600,179.8300,0.9000,0.175569,4.527741,0.153181,4.738261,3.058,5.331,3.149,3.476,3.091,3.185,0.01513,0.14586,3.434188,33.10222,0.902886,30.02635,
2048, 16, 32768, 16, 500,55.1600,179.8300,0.9000,0.087784,2.26387,0.076591,2.369131,3.058,5.331,3.149,3.476,3.091,3.185,7.565,0.07293,3.434188,33.10222,0.902886,30.02635,
2048, 16, 32768, 16, 200,55.1600,179.8300,0.9000,0.035114,0.905548,0.030636,0.947652,3.058,5.331,3.149,3.476,3.091,3.185,3.026,0.029172,3.434188,33.10222,0.902886,30.02635,
4096, 8, 32768, 8, 1000,161.9800,68.4700,0.9000,0.132876,2.052037,0.12877,2.180666,3.494,3.863,3.585,2.547,3.527,2.125,0.017721,0.253651,4.025029,12.163994,0.90277,12.163994,
4096, 8, 32768, 8, 500,161.9800,68.4700,0.9000,0.066438,1.026018,0.064385,1.090333,3.494,3.863,3.585,2.547,3.527,2.125,8.860,0.126825,4.025029,12.163994,0.90277,12.163994,
4096, 8, 32768, 8, 200,161.9800,68.4700,0.9000,0.026575,0.410407,0.025754,0.436133,3.494,3.863,3.585,2.547,3.527,2.125,3.544,0.05073,4.025029,12.163994,0.90277,12.163994,
4096, 8, 32768, 16, 1000,90.4200,105.5900,0.9000,0.15199,3.012436,0.145728,3.12048,3.203,4.302,3.293,2.825,3.236,2.428,0.016397,0.175117,3.299099,19.947662,0.90256,19.947662,
4096, 8, 32768, 16, 500,90.4200,105.5900,0.9000,0.075995,1.506218,0.072864,1.56024,3.203,4.302,3.293,2.825,3.236,2.428,8.198,0.087559,3.299099,19.947662,0.90256,19.947662,
4096, 8, 32768, 16, 200,90.4200,105.5900,0.9000,0.030398,0.602487,0.029146,0.624096,3.203,4.302,3.293,2.825,3.236,2.428,3.279,0.035023,3.299099,19.947662,0.90256,19.947662,
4096, 8, 32768, 32, 1000,55.1600,179.8300,0.9000,0.160941,4.459407,0.15057,4.528104,3.058,5.189,3.149,3.378,3.091,3.043,0.01627,0.156336,3.432752,31.101498,0.902934,29.9148,
4096, 8, 32768, 32, 500,55.1600,179.8300,0.9000,0.080471,2.229703,0.075285,2.264052,3.058,5.189,3.149,3.378,3.091,3.043,8.135,0.078168,3.432752,31.101498,0.902934,29.9148,
4096, 8, 32768, 32, 200,55.1600,179.8300,0.9000,0.032188,0.891881,0.030114,0.905621,3.058,5.189,3.149,3.378,3.091,3.043,3.254,0.031267,3.432752,31.101498,0.902934,29.9148,
8192, 4, 32768, 8, 1000,319.9000,49.9100,0.9000,0.11589,1.699362,0.117197,1.722031,4.076,4.355,4.166,2.795,4.109,2.579,0.019911,0.381966,4.738935,6.921338,0.903245,6.921338,
8192, 4, 32768, 8, 500,319.9000,49.9100,0.9000,0.057945,0.849681,0.058599,0.861016,4.076,4.355,4.166,2.795,4.109,2.579,9.955,0.190983,4.738935,6.921338,0.903245,6.921338,
8192, 4, 32768, 8, 200,319.9000,49.9100,0.9000,0.023178,0.339872,0.023439,0.344406,4.076,4.355,4.166,2.795,4.109,2.579,3.982,0.076393,4.738935,6.921338,0.903245,6.921338,
8192, 4, 32768, 16, 1000,161.9800,68.4700,0.9000,0.123428,2.012686,0.11915,2.027262,3.494,3.815,3.585,2.506,3.527,2.077,0.016743,0.236222,4.020844,12.65171,0.903177,12.65171,
8192, 4, 32768, 16, 500,161.9800,68.4700,0.9000,0.061714,1.006343,0.059575,1.013631,3.494,3.815,3.585,2.506,3.527,2.077,8.371,0.118111,4.020844,12.65171,0.903177,12.65171,
8192, 4, 32768, 16, 200,161.9800,68.4700,0.9000,0.024686,0.402537,0.02383,0.405452,3.494,3.815,3.585,2.506,3.527,2.077,3.349,0.047244,4.020844,12.65171,0.903177,12.65171,
8192, 4, 32768, 32, 1000,90.4200,105.5900,0.9000,0.141991,2.972814,0.141491,2.996409,3.203,4.231,3.293,2.776,3.236,2.357,0.016048,0.1643,3.294411,19.97424,0.90273,19.97424,
8192, 4, 32768, 32, 500,90.4200,105.5900,0.9000,0.070996,1.486407,0.070746,1.498204,3.203,4.231,3.293,2.776,3.236,2.357,8.024,0.08215,3.294411,19.97424,0.90273,19.97424,
8192, 4, 32768, 32, 200,90.4200,105.5900,0.9000,0.028398,0.594563,0.028298,0.599282,3.203,4.231,3.293,2.776,3.236,2.357,3.210,0.03286,3.294411,19.97424,0.90273,19.97424,
1024, 64, 65536, 8, 1000,55.1600,328.3100,0.9000,0.35723,8.290556,0.297536,9.407872,5.945,9.509,6.119,6.259,6.014,5.256,0.02247,0.160852,5.411203,59.561104,1.130583,58.84311,
1024, 64, 65536, 8, 500,55.1600,328.3100,0.9000,0.178615,4.145278,0.148768,4.703936,5.945,9.509,6.119,6.259,6.014,5.256,0.011235,0.080426,5.411203,59.561104,1.130583,58.84311,
1024, 64, 65536, 8, 200,55.1600,328.3100,0.9000,0.071446,1.658111,0.059507,1.881574,5.945,9.509,6.119,6.259,6.014,5.256,4.494,0.03217,5.411203,59.561104,1.130583,58.84311,
2048, 32, 65536, 8, 1000,90.4200,179.8300,0.9000,0.245122,5.225892,0.221887,5.964282,6.089,7.240,6.264,4.788,6.158,3.533,0.017769,0.164878,3.859339,33.63184,0.902866,30.63357,
2048, 32, 65536, 8, 500,90.4200,179.8300,0.9000,0.122561,2.612946,0.110943,2.982141,6.089,7.240,6.264,4.788,6.158,3.533,8.884,0.082439,3.859339,33.63184,0.902866,30.63357,
2048, 32, 65536, 8, 200,90.4200,179.8300,0.9000,0.049024,1.045178,0.044377,1.192856,6.089,7.240,6.264,4.788,6.158,3.533,3.554,0.032976,3.859339,33.63184,0.902866,30.63357,
2048, 32, 65536, 16, 1000,55.1600,328.3100,0.9000,0.287458,8.089971,0.247847,8.583727,5.945,9.125,6.119,5.933,6.014,4.873,0.017328,0.148395,4.123121,57.786295,1.151943,57.786295,
2048, 32, 65536, 16, 500,55.1600,328.3100,0.9000,0.143729,4.044986,0.123924,4.291864,5.945,9.125,6.119,5.933,6.014,4.873,8.664,0.074198,4.123121,57.786295,1.151943,57.786295,
2048, 32, 65536, 16, 200,55.1600,328.3100,0.9000,0.057492,1.617994,0.049569,1.716745,5.945,9.125,6.119,5.933,6.014,4.873,3.466,0.029679,4.123121,57.786295,1.151943,57.786295,
4096, 16, 65536, 8, 1000,161.9800,105.5900,0.9000,0.171967,3.156729,0.162661,3.485498,6.381,6.133,6.555,4.060,6.450,2.699,0.018789,0.256715,4.013029,20.052034,0.902408,20.052034,
4096, 16, 65536, 8, 500,161.9800,105.5900,0.9000,0.085983,1.578364,0.081331,1.742749,6.381,6.133,6.555,4.060,6.450,2.699,9.394,0.128357,4.013029,20.052034,0.902408,20.052034,
4096, 16, 65536, 8, 200,161.9800,105.5900,0.9000,0.034393,0.631346,0.032532,0.6971,6.381,6.133,6.555,4.060,6.450,2.699,3.758,0.051343,4.013029,20.052034,0.902408,20.052034,
4096, 16, 65536, 16, 1000,90.4200,179.8300,0.9000,0.213062,5.148736,0.204343,5.425797,6.089,7.048,6.264,4.625,6.158,3.341,0.017094,0.176378,3.293538,31.67341,0.902886,30.02635,
4096, 16, 65536, 16, 500,90.4200,179.8300,0.9000,0.106531,2.574368,0.102171,2.712898,6.089,7.048,6.264,4.625,6.158,3.341,8.547,0.088189,3.293538,31.67341,0.902886,30.02635,
4096, 16, 65536, 16, 200,90.4200,179.8300,0.9000,0.042612,1.029747,0.040869,1.085159,6.089,7.048,6.264,4.625,6.158,3.341,3.419,0.035276,3.293538,31.67341,0.902886,30.02635,
4096, 16, 65536, 32, 1000,55.1600,328.3100,0.9000,0.255567,8.054434,0.23161,8.256928,5.945,8.841,6.119,5.738,6.014,4.589,0.016902,0.158662,3.443549,57.34349,1.124487,57.34349,
4096, 16, 65536, 32, 500,55.1600,328.3100,0.9000,0.127784,4.027217,0.115805,4.128464,5.945,8.841,6.119,5.738,6.014,4.589,8.451,0.079331,3.443549,57.34349,1.124487,57.34349,
4096, 16, 65536, 32, 200,55.1600,328.3100,0.9000,0.051113,1.610887,0.046322,1.651386,5.945,8.841,6.119,5.738,6.014,4.589,3.380,0.031732,3.443549,57.34349,1.124487,57.34349,
8192, 8, 65536, 8, 1000,319.9000,68.4700,0.9000,0.135889,2.257737,0.134527,2.39576,6.962,6.504,7.137,4.215,7.031,3.032,0.021064,0.385669,4.73802,12.163994,0.90277,12.163994,
8192, 8, 65536, 8, 500,319.9000,68.4700,0.9000,0.067945,1.128869,0.067263,1.19788,6.962,6.504,7.137,4.215,7.031,3.032,0.010532,0.192835,4.73802,12.163994,0.90277,12.163994,
8192, 8, 65536, 8, 200,319.9000,68.4700,0.9000,0.027178,0.451547,0.026905,0.479152,6.962,6.504,7.137,4.215,7.031,3.032,4.213,0.077134,4.73802,12.163994,0.90277,12.163994,
8192, 8, 65536, 16, 1000,161.9800,105.5900,0.9000,0.153939,3.094059,0.14807,3.188327,6.381,6.038,6.555,3.979,6.450,2.603,0.01705,0.238654,4.010206,19.947662,0.90256,19.947662,
8192, 8, 65536, 16, 500,161.9800,105.5900,0.9000,0.076969,1.54703,0.074035,1.594163,6.381,6.038,6.555,3.979,6.450,2.603,8.525,0.119327,4.010206,19.947662,0.90256,19.947662,
8192, 8, 65536, 16, 200,161.9800,105.5900,0.9000,0.030788,0.618812,0.029614,0.637665,6.381,6.038,6.555,3.979,6.450,2.603,3.410,0.047731,4.010206,19.947662,0.90256,19.947662,
8192, 8, 65536, 32, 1000,90.4200,179.8300,0.9000,0.192565,5.042146,0.186795,5.191134,6.089,6.907,6.264,4.528,6.158,3.200,0.01642,0.165104,3.293325,29.9148,0.902934,29.9148,
8192, 8, 65536, 32, 500,90.4200,179.8300,0.9000,0.096283,2.521073,0.093397,2.595567,6.089,6.907,6.264,4.528,6.158,3.200,8.210,0.082552,3.293325,29.9148,0.902934,29.9148,
8192, 8, 65536, 32, 200,90.4200,179.8300,0.9000,0.038513,1.008429,0.037359,1.038227,6.089,6.907,6.264,4.528,6.158,3.200,3.284,0.033021,3.293325,29.9148,0.902934,29.9148,
16384, 4, 65536, 16, 1000,319.9000,68.4700,0.9000,0.126977,2.266241,0.124087,2.297957,6.962,6.456,7.137,4.174,7.031,2.984,0.020617,0.414743,4.739517,12.65171,0.903177,12.65171,
16384, 4, 65536, 16, 500,319.9000,68.4700,0.9000,0.063489,1.133121,0.062044,1.148979,6.962,6.456,7.137,4.174,7.031,2.984,0.010309,0.207372,4.739517,12.65171,0.903177,12.65171,
16384, 4, 65536, 16, 200,319.9000,68.4700,0.9000,0.025395,0.453248,0.024817,0.459591,6.962,6.456,7.137,4.174,7.031,2.984,4.123,0.082949,4.739517,12.65171,0.903177,12.65171,
16384, 4, 65536, 32, 1000,161.9800,105.5900,0.9000,0.145279,3.078832,0.147435,3.100277,6.381,5.967,6.555,3.930,6.450,2.532,0.018056,0.25604,4.014442,19.97424,0.90273,19.97424,
16384, 4, 65536, 32, 500,161.9800,105.5900,0.9000,0.07264,1.539416,0.073718,1.550138,6.381,5.967,6.555,3.930,6.450,2.532,9.028,0.12802,4.014442,19.97424,0.90273,19.97424,
16384, 4, 65536, 32, 200,161.9800,105.5900,0.9000,0.029056,0.615766,0.029487,0.620055,6.381,5.967,6.555,3.930,6.450,2.532,3.611,0.051208,4.014442,19.97424,0.90273,19.97424,
1024, 128, 131072, 8, 1000,62.1800,656.1200,0.9000,0.707549,16.844098,0.586991,19.072418,0.01194,0.019493,0.012285,1.286,0.012074,0.010989,0.034101,0.510548,11.080795,121.2112,2.105385,117.0887,
1024, 128, 131072, 8, 500,62.1800,656.1200,0.9000,0.353775,8.422049,0.293496,9.536209,0.01194,0.019493,0.012285,1.286,0.012074,0.010989,0.01705,0.255274,11.080795,121.2112,2.105385,117.0887,
1024, 128, 131072, 8, 200,62.1800,656.1200,0.9000,0.14151,3.36882,0.117398,3.814484,0.01194,0.019493,0.012285,1.286,0.012074,0.010989,6.820,0.10211,11.080795,121.2112,2.105385,117.0887,
2048, 64, 131072, 8, 1000,90.4200,328.3100,0.9000,0.391742,9.368314,0.333199,11.14639,0.011862,0.012925,0.012205,8.553,0.012003,5.551,0.022807,0.167503,6.362637,60.802704,1.130583,58.84311,
2048, 64, 131072, 8, 500,90.4200,328.3100,0.9000,0.195871,4.684157,0.1666,5.573195,0.011862,0.012925,0.012205,8.553,0.012003,5.551,0.011403,0.083751,6.362637,60.802704,1.130583,58.84311,
2048, 64, 131072, 8, 200,90.4200,328.3100,0.9000,0.078348,1.873663,0.06664,2.229278,0.011862,0.012925,0.012205,8.553,0.012003,5.551,4.561,0.033501,6.362637,60.802704,1.130583,58.84311,
2048, 64, 131072, 16, 1000,62.1800,656.1200,0.9000,0.567511,16.418127,0.494871,17.457225,0.01194,0.018726,0.012285,1.221,0.012074,0.010222,0.023743,0.476882,7.922911,115.65795,2.185119,115.0808,
2048, 64, 131072, 16, 500,62.1800,656.1200,0.9000,0.283755,8.209063,0.247435,8.728612,0.01194,0.018726,0.012285,1.221,0.012074,0.010222,0.011872,0.238441,7.922911,115.65795,2.185119,115.0808,
2048, 64, 131072, 16, 200,62.1800,656.1200,0.9000,0.113502,3.283625,0.098974,3.491445,0.01194,0.018726,0.012285,1.221,0.012074,0.010222,4.749,0.095376,7.922911,115.65795,2.185119,115.0808,
4096, 32, 131072, 8, 1000,161.9800,179.8300,0.9000,0.250165,5.366114,0.230461,6.095164,0.012154,0.010675,0.012496,7.087,0.012294,3.846,0.020942,0.262844,3.989028,33.72399,0.902866,30.63357,
4096, 32, 131072, 8, 500,161.9800,179.8300,0.9000,0.125083,2.683057,0.11523,3.047582,0.012154,0.010675,0.012496,7.087,0.012294,3.846,0.010471,0.131422,3.989028,33.72399,0.902866,30.63357,
4096, 32, 131072, 8, 200,161.9800,179.8300,0.9000,0.050033,1.073223,0.046092,1.219033,0.012154,0.010675,0.012496,7.087,0.012294,3.846,4.188,0.052569,3.989028,33.72399,0.902866,30.63357,
4096, 32, 131072, 16, 1000,90.4200,328.3100,0.9000,0.324319,9.196596,0.293766,10.036292,0.011862,0.012541,0.012205,8.226,0.012003,5.168,0.019678,0.178689,4.455365,57.786295,1.151943,57.786295,
4096, 32, 131072, 16, 500,90.4200,328.3100,0.9000,0.16216,4.598298,0.146883,5.018146,0.011862,0.012541,0.012205,8.226,0.012003,5.168,9.839,0.089344,4.455365,57.786295,1.151943,57.786295,
4096, 32, 131072, 16, 200,90.4200,328.3100,0.9000,0.064864,1.839319,0.058753,2.007258,0.011862,0.012541,0.012205,8.226,0.012003,5.168,3.936,0.035738,4.455365,57.786295,1.151943,57.786295,
4096, 32, 131072, 32, 1000,62.1800,656.1200,0.9000,0.501151,16.32716,0.45324,16.746417,0.01194,0.018159,0.012285,1.182,0.012074,9.654,0.020839,0.512708,6.823853,114.1399,2.233328,114.1399,
4096, 32, 131072, 32, 500,62.1800,656.1200,0.9000,0.250576,8.16358,0.22662,8.373208,0.01194,0.018159,0.012285,1.182,0.012074,9.654,0.01042,0.256354,6.823853,114.1399,2.233328,114.1399,
4096, 32, 131072, 32, 200,62.1800,656.1200,0.9000,0.10023,3.265432,0.090648,3.349283,0.01194,0.018159,0.012285,1.182,0.012074,9.654,4.168,0.102542,6.823853,114.1399,2.233328,114.1399,
8192, 16, 131072, 8, 1000,319.9000,105.5900,0.9000,0.175888,3.374487,0.169187,3.743219,0.012735,0.010803,0.013077,7.054,0.012876,3.936,0.023372,0.393075,4.736191,20.052034,0.902408,20.052034,
8192, 16, 131072, 8, 500,319.9000,105.5900,0.9000,0.087944,1.687244,0.084593,1.87161,0.012735,0.010803,0.013077,7.054,0.012876,3.936,0.011686,0.196538,4.736191,20.052034,0.902408,20.052034,
8192, 16, 131072, 8, 200,319.9000,105.5900,0.9000,0.035178,0.674897,0.033837,0.748644,0.012735,0.010803,0.013077,7.054,0.012876,3.936,4.674,0.078615,4.736191,20.052034,0.902408,20.052034,
8192, 16, 131072, 16, 1000,161.9800,179.8300,0.9000,0.214961,5.257142,0.20591,5.510793,0.012154,0.010483,0.012496,6.924,0.012294,3.654,0.017664,0.244193,3.988931,31.73064,0.902886,30.02635,
8192, 16, 131072, 16, 500,161.9800,179.8300,0.9000,0.10748,2.628571,0.102955,2.755396,0.012154,0.010483,0.012496,6.924,0.012294,3.654,8.832,0.122097,3.988931,31.73064,0.902886,30.02635,
8192, 16, 131072, 16, 200,161.9800,179.8300,0.9000,0.042992,1.051428,0.041182,1.102159,0.012154,0.010483,0.012496,6.924,0.012294,3.654,3.533,0.048839,3.988931,31.73064,0.902886,30.02635,
8192, 16, 131072, 32, 1000,90.4200,328.3100,0.9000,0.290984,9.138602,0.273211,9.491931,0.011862,0.012258,0.012205,8.032,0.012003,4.884,0.017206,0.167807,3.452133,57.34349,1.124487,57.34349,
8192, 16, 131072, 32, 500,90.4200,328.3100,0.9000,0.145492,4.569301,0.136606,4.745965,0.011862,0.012258,0.012205,8.032,0.012003,4.884,8.603,0.083903,3.452133,57.34349,1.124487,57.34349,
8192, 16, 131072, 32, 200,90.4200,328.3100,0.9000,0.058197,1.82772,0.054642,1.898386,0.011862,0.012258,0.012205,8.032,0.012003,4.884,3.441,0.033561,3.452133,57.34349,1.124487,57.34349,
16384, 8, 131072, 16, 1000,319.9000,105.5900,0.9000,0.157551,3.360216,0.15175,3.493734,0.012735,0.010707,0.013077,6.973,0.012876,3.840,0.021471,0.422327,4.737189,19.947662,0.90256,19.947662,
16384, 8, 131072, 16, 500,319.9000,105.5900,0.9000,0.078775,1.680108,0.075875,1.746867,0.012735,0.010707,0.013077,6.973,0.012876,3.840,0.010735,0.211163,4.737189,19.947662,0.90256,19.947662,
16384, 8, 131072, 16, 200,319.9000,105.5900,0.9000,0.03151,0.672043,0.03035,0.698747,0.012735,0.010707,0.013077,6.973,0.012876,3.840,4.294,0.084465,4.737189,19.947662,0.90256,19.947662,
16384, 8, 131072, 32, 1000,161.9800,179.8300,0.9000,0.196803,5.189598,0.195807,5.306876,0.012154,0.010341,0.012496,6.826,0.012294,3.513,0.018728,0.261285,3.998612,31.024286,0.902934,29.9148,
16384, 8, 131072, 32, 500,161.9800,179.8300,0.9000,0.098401,2.594799,0.097903,2.653438,0.012154,0.010341,0.012496,6.826,0.012294,3.513,9.364,0.130643,3.998612,31.024286,0.902934,29.9148,
16384, 8, 131072, 32, 200,161.9800,179.8300,0.9000,0.039361,1.03792,0.039161,1.061375,0.012154,0.010341,0.012496,6.826,0.012294,3.513,3.746,0.052257,3.998612,31.024286,0.902934,29.9148,
32768, 4, 131072, 32, 1000,319.9000,105.5900,0.9000,0.146907,3.304183,0.148634,3.301607,0.012735,0.010636,0.013077,6.924,0.012876,3.770,0.019578,0.396862,4.738935,19.97424,0.90273,19.97424,
32768, 4, 131072, 32, 500,319.9000,105.5900,0.9000,0.073453,1.652091,0.074317,1.650804,0.012735,0.010636,0.013077,6.924,0.012876,3.770,9.789,0.198431,4.738935,19.97424,0.90273,19.97424,
32768, 4, 131072, 32, 200,319.9000,105.5900,0.9000,0.029381,0.660837,0.029727,0.660321,0.012735,0.010636,0.013077,6.924,0.012876,3.770,3.916,0.079372,4.738935,19.97424,0.90273,19.97424,
2048, 128, 262144, 8, 1000,97.4400,656.1200,0.9000,0.774595,19.021855,0.660458,22.596875,0.023775,0.026326,0.024456,1.745,0.024053,0.011579,0.03466,0.530055,12.94368,122.9475,2.105385,117.0887,
2048, 128, 262144, 8, 500,97.4400,656.1200,0.9000,0.387298,9.510928,0.330229,11.298438,0.023775,0.026326,0.024456,1.745,0.024053,0.011579,0.01733,0.265028,12.94368,122.9475,2.105385,117.0887,
2048, 128, 262144, 8, 200,97.4400,656.1200,0.9000,0.154919,3.804371,0.132092,4.519375,0.023775,0.026326,0.024456,1.745,0.024053,0.011579,6.932,0.106011,12.94368,122.9475,2.105385,117.0887,
4096, 64, 262144, 8, 1000,161.9800,328.3100,0.9000,0.397928,9.619231,0.339586,11.381111,0.023699,0.019758,0.024378,1.314,0.023983,6.141,0.026698,0.273488,6.308414,62.76967,1.130583,58.84311,
4096, 64, 262144, 8, 500,161.9800,328.3100,0.9000,0.198964,4.809615,0.169793,5.690555,0.023699,0.019758,0.024378,1.314,0.023983,6.141,0.013349,0.136744,6.308414,62.76967,1.130583,58.84311,
4096, 64, 262144, 8, 200,161.9800,328.3100,0.9000,0.079586,1.923846,0.067917,2.276222,0.023699,0.019758,0.024378,1.314,0.023983,6.141,5.340,0.054698,6.308414,62.76967,1.130583,58.84311,
4096, 64, 262144, 16, 1000,97.4400,656.1200,0.9000,0.636538,18.68183,0.57563,20.235028,0.023775,0.025559,0.024456,1.680,0.024053,0.010811,0.026372,0.569535,8.772244,115.28935,2.185119,115.0808,
4096, 64, 262144, 16, 500,97.4400,656.1200,0.9000,0.318269,9.340915,0.287815,10.117514,0.023775,0.025559,0.024456,1.680,0.024053,0.010811,0.013186,0.284768,8.772244,115.28935,2.185119,115.0808,
4096, 64, 262144, 16, 200,97.4400,656.1200,0.9000,0.127308,3.736366,0.115126,4.047006,0.023775,0.025559,0.024456,1.680,0.024053,0.010811,5.274,0.113907,8.772244,115.28935,2.185119,115.0808,
8192, 32, 262144, 8, 1000,319.9000,179.8300,0.9000,0.255956,5.607987,0.238577,6.438137,0.024281,0.019401,0.024959,1.273,0.024565,5.746,0.028058,0.407888,4.732533,33.82196,0.902866,30.63357,
8192, 32, 262144, 8, 500,319.9000,179.8300,0.9000,0.127978,2.803993,0.119288,3.219068,0.024281,0.019401,0.024959,1.273,0.024565,5.746,0.014029,0.203944,4.732533,33.82196,0.902866,30.63357,
8192, 32, 262144, 8, 200,319.9000,179.8300,0.9000,0.051191,1.121597,0.047715,1.287627,0.024281,0.019401,0.024959,1.273,0.024565,5.746,5.612,0.081578,4.732533,33.82196,0.902866,30.63357,
8192, 32, 262144, 16, 1000,161.9800,328.3100,0.9000,0.327581,9.41225,0.294054,10.234295,0.023699,0.019374,0.024378,1.281,0.023983,5.757,0.020611,0.254321,4.597005,60.93928,1.151943,57.786295,
8192, 32, 262144, 16, 500,161.9800,328.3100,0.9000,0.16379,4.706125,0.147027,5.117148,0.023699,0.019374,0.024378,1.281,0.023983,5.757,0.010306,0.127161,4.597005,60.93928,1.151943,57.786295,
8192, 32, 262144, 16, 200,161.9800,328.3100,0.9000,0.065516,1.88245,0.058811,2.046859,0.023699,0.019374,0.024378,1.281,0.023983,5.757,4.122,0.050864,4.597005,60.93928,1.151943,57.786295,
8192, 32, 262144, 32, 1000,97.4400,656.1200,0.9000,0.568551,18.517558,0.539967,19.247914,0.023775,0.024992,0.024456,1.641,0.024053,0.010244,0.021284,0.538156,6.876088,114.1399,2.233328,114.1399,
8192, 32, 262144, 32, 500,97.4400,656.1200,0.9000,0.284276,9.258779,0.269983,9.623957,0.023775,0.024992,0.024456,1.641,0.024053,0.010244,0.010642,0.269078,6.876088,114.1399,2.233328,114.1399,
8192, 32, 262144, 32, 200,97.4400,656.1200,0.9000,0.11371,3.703512,0.107993,3.849583,0.023775,0.024992,0.024456,1.641,0.024053,0.010244,4.257,0.107631,6.876088,114.1399,2.233328,114.1399,
16384, 16, 262144, 16, 1000,319.9000,179.8300,0.9000,0.218765,5.548187,0.207144,5.885308,0.024281,0.019209,0.024959,1.257,0.024565,5.554,0.023246,0.437537,4.732533,31.97314,0.902886,30.02635,
16384, 16, 262144, 16, 500,319.9000,179.8300,0.9000,0.109383,2.774094,0.103572,2.942654,0.024281,0.019209,0.024959,1.257,0.024565,5.554,0.011623,0.218769,4.732533,31.97314,0.902886,30.02635,
16384, 16, 262144, 16, 200,319.9000,179.8300,0.9000,0.043753,1.109637,0.041429,1.177062,0.024281,0.019209,0.024959,1.257,0.024565,5.554,4.649,0.087507,4.732533,31.97314,0.902886,30.02635,
16384, 16, 262144, 32, 1000,161.9800,328.3100,0.9000,0.296235,9.382065,0.28402,9.702734,0.023699,0.019091,0.024378,1.262,0.023983,5.474,0.020066,0.272346,3.97928,61.537285,1.124487,57.34349,
16384, 16, 262144, 32, 500,161.9800,328.3100,0.9000,0.148117,4.691032,0.14201,4.851367,0.023699,0.019091,0.024378,1.262,0.023983,5.474,0.010033,0.136173,3.97928,61.537285,1.124487,57.34349,
16384, 16, 262144, 32, 200,161.9800,328.3100,0.9000,0.059247,1.876413,0.056804,1.940547,0.023699,0.019091,0.024378,1.262,0.023983,5.474,4.013,0.054469,3.97928,61.537285,1.124487,57.34349,
32768, 8, 262144, 32, 1000,319.9000,179.8300,0.9000,0.197347,5.458898,0.191708,5.576216,0.024281,0.019067,0.024959,1.247,0.024565,5.413,0.02085,0.411024,4.734783,32.326802,0.902934,29.9148,
32768, 8, 262144, 32, 500,319.9000,179.8300,0.9000,0.098674,2.729449,0.095854,2.788108,0.024281,0.019067,0.024959,1.247,0.024565,5.413,0.010425,0.205512,4.734783,32.326802,0.902934,29.9148,
32768, 8, 262144, 32, 200,319.9000,179.8300,0.9000,0.039469,1.09178,0.038342,1.115243,0.024281,0.019067,0.024959,1.247,0.024565,5.413,4.170,0.082205,4.734783,32.326802,0.902934,29.9148,
4096, 128, 524288, 8, 1000,169.0000,656.1200,0.9000,0.783105,19.550202,0.672094,23.011122,0.047449,0.039992,0.048802,2.663,0.048014,0.012758,0.038471,0.774052,12.75259,126.0224,2.105385,117.0887,
4096, 128, 524288, 8, 500,169.0000,656.1200,0.9000,0.391552,9.775101,0.336047,11.505561,0.047449,0.039992,0.048802,2.663,0.048014,0.012758,0.019235,0.387026,12.75259,126.0224,2.105385,117.0887,
4096, 128, 524288, 8, 200,169.0000,656.1200,0.9000,0.156621,3.91004,0.134419,4.602224,0.047449,0.039992,0.048802,2.663,0.048014,0.012758,7.694,0.15481,12.75259,126.0224,2.105385,117.0887,
8192, 64, 524288, 8, 1000,319.9000,328.3100,0.9000,0.410764,9.95372,0.362738,11.711996,0.047372,0.036596,0.048722,2.409,0.047943,9.365,0.037626,0.436125,6.48218,65.010952,1.130583,58.84311,
8192, 64, 524288, 8, 500,319.9000,328.3100,0.9000,0.205382,4.97686,0.181369,5.855998,0.047372,0.036596,0.048722,2.409,0.047943,9.365,0.018813,0.218063,6.48218,65.010952,1.130583,58.84311,
8192, 64, 524288, 8, 200,319.9000,328.3100,0.9000,0.082153,1.990744,0.072548,2.342399,0.047372,0.036596,0.048722,2.409,0.047943,9.365,7.525,0.087225,6.48218,65.010952,1.130583,58.84311,
8192, 64, 524288, 16, 1000,169.0000,656.1200,0.9000,0.643017,19.115821,0.580886,20.613969,0.047449,0.039225,0.048802,2.597,0.048014,0.011991,0.027783,0.725076,8.752213,121.2015,2.185119,115.0808,
8192, 64, 524288, 16, 500,169.0000,656.1200,0.9000,0.321508,9.55791,0.290443,10.306984,0.047449,0.039225,0.048802,2.597,0.048014,0.011991,0.013892,0.362538,8.752213,121.2015,2.185119,115.0808,
8192, 64, 524288, 16, 200,169.0000,656.1200,0.9000,0.128603,3.823164,0.116177,4.122794,0.047449,0.039225,0.048802,2.597,0.048014,0.011991,5.557,0.145015,8.752213,121.2015,2.185119,115.0808,
16384, 32, 524288, 16, 1000,319.9000,328.3100,0.9000,0.337179,9.792891,0.307948,10.659958,0.047372,0.036213,0.048722,2.377,0.047943,8.982,0.028172,0.46924,4.754649,63.666532,1.151943,57.786295,
16384, 32, 524288, 16, 500,319.9000,328.3100,0.9000,0.168589,4.896445,0.153974,5.329979,0.047372,0.036213,0.048722,2.377,0.047943,8.982,0.014086,0.23462,4.754649,63.666532,1.151943,57.786295,
16384, 32, 524288, 16, 200,319.9000,328.3100,0.9000,0.067436,1.958578,0.06159,2.131992,0.047372,0.036213,0.048722,2.377,0.047943,8.982,5.634,0.093848,4.754649,63.666532,1.151943,57.786295,
16384, 32, 524288, 32, 1000,169.0000,656.1200,0.9000,0.576797,19.032532,0.550049,19.689889,0.047449,0.038658,0.048802,2.558,0.048014,0.011424,0.024649,0.77593,7.939741,123.2385,2.233328,114.1399,
16384, 32, 524288, 32, 500,169.0000,656.1200,0.9000,0.288398,9.516266,0.275024,9.844944,0.047449,0.038658,0.048802,2.558,0.048014,0.011424,0.012325,0.387965,7.939741,123.2385,2.233328,114.1399,
16384, 32, 524288, 32, 200,169.0000,656.1200,0.9000,0.115359,3.806506,0.11001,3.937978,0.047449,0.038658,0.048802,2.558,0.048014,0.011424,4.930,0.155186,7.939741,123.2385,2.233328,114.1399,
32768, 16, 524288, 32, 1000,319.9000,328.3100,0.9000,0.298331,9.72286,0.279276,10.088714,0.047372,0.035929,0.048722,2.357,0.047943,8.698,0.02328,0.439976,4.728701,64.34883,1.124487,57.34349,
32768, 16, 524288, 32, 500,319.9000,328.3100,0.9000,0.149166,4.86143,0.139638,5.044357,0.047372,0.035929,0.048722,2.357,0.047943,8.698,0.01164,0.219988,4.728701,64.34883,1.124487,57.34349,
32768, 16, 524288, 32, 200,319.9000,328.3100,0.9000,0.059666,1.944572,0.055855,2.017743,0.047372,0.035929,0.048722,2.357,0.047943,8.698,4.656,0.087995,4.728701,64.34883,1.124487,57.34349,
8192, 128, 1048576, 8, 1000,326.9200,656.1200,0.9000,0.807198,20.197899,0.716334,23.757269,0.094795,0.073668,0.097492,4.853,0.095933,0.019207,0.06192,1.104399,12.75453,129.69385,2.105385,117.0887,
8192, 128, 1048576, 8, 500,326.9200,656.1200,0.9000,0.403599,10.09895,0.358167,11.878635,0.094795,0.073668,0.097492,4.853,0.095933,0.019207,0.03096,0.5522,12.75453,129.69385,2.105385,117.0887,
8192, 128, 1048576, 8, 200,326.9200,656.1200,0.9000,0.16144,4.03958,0.143267,4.751454,0.094795,0.073668,0.097492,4.853,0.095933,0.019207,0.012384,0.22088,12.75453,129.69385,2.105385,117.0887,
16384, 64, 1048576, 16, 1000,326.9200,656.1200,0.9000,0.658238,19.89765,0.601025,21.535148,0.094795,0.072901,0.097492,4.788,0.095933,0.01844,0.041336,1.186156,9.495039,127.846,2.185119,115.0808,
16384, 64, 1048576, 16, 500,326.9200,656.1200,0.9000,0.329119,9.948825,0.300513,10.767574,0.094795,0.072901,0.097492,4.788,0.095933,0.01844,0.020668,0.593078,9.495039,127.846,2.185119,115.0808,
16384, 64, 1048576, 16, 200,326.9200,656.1200,0.9000,0.131648,3.97953,0.120205,4.30703,0.094795,0.072901,0.097492,4.788,0.095933,0.01844,8.267,0.237231,9.495039,127.846,2.185119,115.0808,
32768, 32, 1048576, 32, 1000,326.9200,656.1200,0.9000,0.584503,19.697566,0.545821,20.432073,0.094795,0.072334,0.097492,4.749,0.095933,0.017873,0.031574,1.118065,9.450467,128.94695,2.233328,114.1399,
32768, 32, 1048576, 32, 500,326.9200,656.1200,0.9000,0.292252,9.848783,0.27291,10.216037,0.094795,0.072334,0.097492,4.749,0.095933,0.017873,0.015787,0.559032,9.450467,128.94695,2.233328,114.1399,
32768, 32, 1048576, 32, 200,326.9200,656.1200,0.9000,0.116901,3.939513,0.109164,4.086415,0.094795,0.072334,0.097492,4.749,0.095933,0.017873,6.315,0.223613,9.450467,128.94695,2.233328,114.1399,
